City_ID,City,Country,Date,Lat,Lng,Max Temp,Humidity,Cloudiness,Wind Speed
0,Port Blair,IN,2021-09-13 17:06:49,11.6667,92.75,81.66,83,90,16.42
1,Saint George,US,2021-09-13 17:06:03,37.1041,-113.5841,93.67,22,1,0.0
2,San Patricio,US,2021-09-13 17:06:50,28.017,-97.5169,82.26,83,100,20.96
3,Bathsheba,BB,2021-09-13 17:06:50,13.2167,-59.5167,88.41,70,40,10.36
4,Rikitea,PF,2021-09-13 17:06:51,-23.1203,-134.9692,73.44,78,28,9.04
5,Pevek,RU,2021-09-13 17:06:51,69.7008,170.3133,34.11,97,100,11.77
6,Rio Grande,BR,2021-09-13 17:02:43,-32.035,-52.0986,64.51,98,100,6.33
7,Banjar,ID,2021-09-13 17:06:52,-8.19,114.9675,80.46,89,48,2.95
8,Platteville,US,2021-09-13 17:06:52,42.7342,-90.4785,75.13,94,75,10.36
9,Ushuaia,AR,2021-09-13 17:06:52,-54.8,-68.3,40.62,82,100,8.79
10,Thinadhoo,MV,2021-09-13 17:06:53,0.5333,72.9333,84.07,74,6,9.17
11,Mersing,MY,2021-09-13 17:06:54,2.4312,103.8405,76.32,78,100,7.07
12,Ottawa,CA,2021-09-13 17:05:27,45.4112,-75.6981,72.79,55,24,5.99
13,Hobart,AU,2021-09-13 17:02:32,-42.8794,147.3294,39.06,91,56,1.01
14,Qaanaaq,GL,2021-09-13 17:06:54,77.484,-69.3632,24.24,82,99,2.19
15,Tazovskiy,RU,2021-09-13 17:06:55,67.4667,78.7,44.58,83,100,2.17
16,Kapaa,US,2021-09-13 17:06:55,22.0752,-159.319,77.32,78,20,13.8
17,Busselton,AU,2021-09-13 17:04:47,-33.65,115.3333,50.09,82,30,5.97
18,Chokurdakh,RU,2021-09-13 17:06:56,70.6333,147.9167,40.08,86,72,4.76
19,Morondava,MG,2021-09-13 17:06:56,-20.2833,44.2833,75.74,79,1,13.56
20,Mar Del Plata,AR,2021-09-13 17:06:57,-38.0023,-57.5575,64.42,34,0,20.71
21,Sanming,CN,2021-09-13 17:06:58,26.2486,117.6186,74.79,95,0,1.43
22,Bethel,US,2021-09-13 17:06:58,41.3712,-73.414,83.48,66,20,1.99
23,Torva,EE,2021-09-13 17:06:58,58.0028,25.935,54.82,60,36,12.57
24,Tuatapere,NZ,2021-09-13 17:06:59,-46.1333,167.6833,33.82,87,98,1.43
25,Lashio,MM,2021-09-13 17:07:00,22.9333,97.75,68.86,99,18,0.6
26,Constantine,DZ,2021-09-13 17:07:00,36.365,6.6147,84.52,26,72,8.79
27,Albany,US,2021-09-13 17:07:01,42.6001,-73.9662,76.32,59,16,11.01
28,Sao Joao Da Barra,BR,2021-09-13 17:07:01,-21.6403,-41.0511,82.49,78,11,16.22
29,Lebu,CL,2021-09-13 17:07:02,-37.6167,-73.65,51.76,66,4,9.62
30,Hilo,US,2021-09-13 17:07:02,19.7297,-155.09,75.27,80,40,5.75
31,Mayo,US,2021-09-13 17:07:03,38.8876,-76.5119,90.34,60,1,8.99
32,Manta,EC,2021-09-13 17:07:03,-0.95,-80.7333,76.59,73,86,9.33
33,Cape Town,ZA,2021-09-13 17:07:04,-33.9258,18.4232,57.88,68,1,3.0
34,Puerto Ayora,EC,2021-09-13 17:07:04,-0.7393,-90.3518,71.55,89,90,7.0
35,Hambantota,LK,2021-09-13 17:07:05,6.1241,81.1185,80.65,81,50,15.77
36,Ponta Do Sol,PT,2021-09-13 17:07:06,32.6667,-17.1,76.12,70,23,11.43
37,Basco,PH,2021-09-13 17:07:07,20.4487,121.9702,83.91,80,97,13.6
38,Komsomolets,KZ,2021-09-13 17:07:07,53.7453,62.0708,52.56,71,98,7.25
39,Aklavik,CA,2021-09-13 17:07:08,68.2191,-135.0107,45.75,87,99,6.67
40,Naron,ES,2021-09-13 17:07:09,43.5167,-8.1528,72.45,94,82,2.15
41,Kisangani,CD,2021-09-13 17:07:09,0.5167,25.2,76.68,76,81,2.42
42,Kodiak,US,2021-09-13 17:07:10,57.79,-152.4072,49.51,76,40,0.0
43,Arman,RU,2021-09-13 17:07:10,59.7,150.1667,43.25,58,0,4.72
44,Saldanha,ZA,2021-09-13 17:07:11,-33.0117,17.9442,56.7,68,0,23.58
45,Nishihara,JP,2021-09-13 17:07:12,26.1842,127.7558,82.06,89,75,20.71
46,Hermanus,ZA,2021-09-13 17:07:12,-34.4187,19.2345,55.9,67,97,11.52
47,Mataura,NZ,2021-09-13 17:07:13,-46.1927,168.8643,33.48,99,97,2.46
48,Falciu,RO,2021-09-13 17:07:13,46.2961,28.1408,70.9,38,100,3.76
49,Port Dover,CA,2021-09-13 17:07:14,42.7834,-80.1997,73.2,54,95,3.83
50,Kulhudhuffushi,MV,2021-09-13 17:07:14,6.6221,73.07,82.65,77,93,12.93
51,Tuktoyaktuk,CA,2021-09-13 17:07:15,69.4541,-133.0374,42.26,89,100,10.58
52,Yellowknife,CA,2021-09-13 17:07:15,62.456,-114.3525,52.32,100,75,4.61
53,Killybegs,IE,2021-09-13 17:07:15,54.6333,-8.45,62.46,82,85,5.88
54,Upernavik,GL,2021-09-13 17:07:16,72.7868,-56.1549,34.92,74,100,23.76
55,Punta Arenas,CL,2021-09-13 17:03:57,-53.15,-70.9167,50.11,62,40,31.07
56,Padang,ID,2021-09-13 17:07:16,-0.9492,100.3543,77.05,83,100,3.02
57,Pisco,PE,2021-09-13 17:05:22,-13.7,-76.2167,62.02,88,90,5.75
58,Caravelas,BR,2021-09-13 17:07:17,-17.7125,-39.2481,82.87,59,3,10.18
59,Sergeyevka,KZ,2021-09-13 17:07:17,53.88,67.4158,55.2,50,90,9.51
60,Castro,BR,2021-09-13 17:07:18,-24.7911,-50.0119,86.63,28,98,12.59
61,Vestmannaeyjar,IS,2021-09-13 17:07:18,63.4427,-20.2734,50.81,68,87,27.2
62,Sao Filipe,CV,2021-09-13 17:07:19,14.8961,-24.4956,81.14,75,99,5.93
63,Rawson,AR,2021-09-13 17:07:19,-43.3002,-65.1023,55.58,29,26,19.66
64,Lagoa,PT,2021-09-13 17:07:20,39.05,-27.9833,69.37,87,88,8.28
65,Pacific Grove,US,2021-09-13 17:07:20,36.6177,-121.9166,78.62,93,90,4.0
66,Kungurtug,RU,2021-09-13 17:07:20,50.5994,97.5228,45.68,56,11,4.16
67,Lorengau,PG,2021-09-13 17:07:21,-2.0226,147.2712,81.3,82,99,9.78
68,Vestmanna,FO,2021-09-13 17:07:21,62.1564,-7.1664,50.92,100,75,14.97
69,Longyearbyen,SJ,2021-09-13 17:03:10,78.2186,15.6401,33.64,80,0,1.14
70,Alofi,NU,2021-09-13 17:07:22,-19.0595,-169.9187,71.49,100,75,3.44
71,Waingapu,ID,2021-09-13 17:07:22,-9.6567,120.2641,77.9,80,23,5.37
72,Chuy,UY,2021-09-13 17:07:23,-33.6971,-53.4616,61.83,96,100,14.58
73,Tual,ID,2021-09-13 17:07:23,-5.6667,132.75,80.73,83,97,13.69
74,Khatanga,RU,2021-09-13 17:07:23,71.9667,102.5,44.74,71,25,8.1
75,Quilmana,PE,2021-09-13 17:07:24,-12.95,-76.3833,69.69,63,22,9.33
76,Portland,US,2021-09-13 17:05:39,45.5234,-122.6762,62.83,77,90,1.01
77,Carutapera,BR,2021-09-13 17:07:24,-1.195,-46.02,86.32,60,18,11.34
78,Bredasdorp,ZA,2021-09-13 17:07:25,-34.5322,20.0403,55.27,72,100,5.5
79,Cabo San Lucas,MX,2021-09-13 17:04:37,22.8909,-109.9124,90.18,70,1,8.05
80,Saskylakh,RU,2021-09-13 17:07:25,71.9167,114.0833,40.26,82,18,3.06
81,Dalvik,IS,2021-09-13 17:07:26,65.9702,-18.5286,54.28,82,100,10.51
82,Arraial Do Cabo,BR,2021-09-13 17:07:26,-22.9661,-42.0278,76.86,78,0,20.71
83,Faanui,PF,2021-09-13 17:07:27,-16.4833,-151.75,78.73,71,66,15.84
84,Preobrazheniye,RU,2021-09-13 17:07:27,42.9019,133.9064,59.34,81,84,4.43
85,Waipawa,NZ,2021-09-13 17:07:28,-41.4122,175.5153,48.83,94,100,2.28
86,Bluff,NZ,2021-09-13 17:07:28,-46.6,168.3333,33.8,63,86,10.83
87,New Norfolk,AU,2021-09-13 17:07:29,-42.7826,147.0587,38.71,74,27,2.48
88,Sal Rei,CV,2021-09-13 17:07:29,16.1833,-22.9167,86.56,70,40,9.22
89,La Reforma,MX,2021-09-13 17:07:30,25.0833,-108.05,90.09,68,14,3.29
90,Khorixas,NA,2021-09-13 17:07:30,-20.3667,14.9667,79.07,22,1,18.32
91,Wasilla,US,2021-09-13 17:07:30,61.5814,-149.4394,52.03,61,1,5.01
92,Manhattan,US,2021-09-13 17:06:54,40.7834,-73.9662,86.95,59,75,5.75
93,Mount Isa,AU,2021-09-13 17:07:31,-20.7333,139.5,73.17,17,10,8.05
94,Hithadhoo,MV,2021-09-13 17:07:32,-0.6,73.0833,83.8,75,11,11.48
95,Zlobin,HR,2021-09-13 17:07:32,45.2924,14.6541,72.7,34,0,4.61
96,Carnarvon,AU,2021-09-13 17:07:33,-24.8667,113.6333,62.67,63,0,13.8
97,Barretos,BR,2021-09-13 17:07:32,-20.5572,-48.5678,100.8,11,3,8.3
98,Kloulklubed,PW,2021-09-13 17:07:33,7.0419,134.2556,75.7,73,91,8.7
99,La Asuncion,VE,2021-09-13 17:07:34,11.0333,-63.8628,85.69,64,80,8.86
100,Pilar,BR,2021-09-13 17:03:54,-9.5972,-35.9567,78.73,61,32,11.16
101,Kununurra,AU,2021-09-13 17:07:34,-15.7667,128.7333,73.38,68,99,1.14
102,Avarua,CK,2021-09-13 17:07:34,-21.2078,-159.775,73.45,73,23,9.22
103,Adrar,MR,2021-09-13 17:07:35,20.5022,-10.0711,106.25,10,44,9.98
104,Westport,US,2021-09-13 17:07:35,41.1415,-73.3579,85.78,62,1,1.01
105,Vao,NC,2021-09-13 17:07:36,-22.6667,167.4833,69.87,79,26,11.59
106,El Dorado,US,2021-09-13 17:03:08,38.7666,-120.5177,83.71,21,48,4.43
107,Broken Hill,AU,2021-09-13 17:07:36,-31.95,141.4333,44.56,52,0,9.55
108,Victoria,HK,2021-09-13 17:05:28,22.2855,114.1577,87.33,83,90,5.28
109,Barrow,US,2021-09-13 17:07:37,71.2906,-156.7887,37.42,93,90,13.8
110,Villa Carlos Paz,AR,2021-09-13 17:07:37,-31.4241,-64.4978,80.24,22,0,3.0
111,Mudhol,IN,2021-09-13 17:07:37,16.35,75.2833,73.26,88,100,14.74
112,Kyaikkami,MM,2021-09-13 17:07:38,16.08,97.5675,79.54,84,95,5.7
113,Bahawalpur,PK,2021-09-13 17:07:38,29.4,71.6833,90.54,46,4,10.11
114,Yulara,AU,2021-09-13 17:07:38,-25.2406,130.9889,58.84,33,65,8.05
115,Leningradskiy,RU,2021-09-13 17:07:39,69.3833,178.4167,19.13,78,10,6.33
116,Coquimbo,CL,2021-09-13 17:07:39,-29.9533,-71.3436,65.93,48,0,10.36
117,East London,ZA,2021-09-13 17:05:21,-33.0153,27.9116,63.54,88,75,11.5
118,Havoysund,NO,2021-09-13 17:07:40,70.9963,24.6622,46.63,83,100,9.04
119,Moirang,IN,2021-09-13 17:07:40,24.5,93.7667,68.95,98,38,1.95
120,Houston,US,2021-09-13 17:02:44,29.7633,-95.3633,78.57,83,75,1.99
121,Vaini,TO,2021-09-13 17:07:41,-21.2,-175.2,66.36,100,25,3.44
122,Boralday,KZ,2021-09-13 17:07:41,43.3578,76.8594,58.86,41,13,4.47
123,Srednekolymsk,RU,2021-09-13 17:07:42,67.45,153.6833,48.22,68,89,3.24
124,Zhangye,CN,2021-09-13 17:07:42,38.9342,100.4517,60.4,83,100,15.32
125,Torbay,CA,2021-09-13 17:07:42,47.6666,-52.7314,70.29,68,98,17.29
126,Geraldton,AU,2021-09-13 17:07:43,-28.7667,114.6,45.01,87,0,8.05
127,Dikson,RU,2021-09-13 17:07:43,73.5069,80.5464,41.27,90,99,17.92
128,Butaritari,KI,2021-09-13 17:07:44,3.0707,172.7902,81.19,81,46,16.4
129,Graham,US,2021-09-13 17:07:44,47.0529,-122.2943,62.69,74,40,0.0
130,Marrakesh,MA,2021-09-13 17:04:16,31.6315,-8.0083,82.47,42,75,12.66
131,Puerto Baquerizo Moreno,EC,2021-09-13 17:02:57,-0.9,-89.6,69.4,83,85,12.44
132,Puerto Del Rosario,ES,2021-09-13 17:07:45,28.5004,-13.8627,78.48,83,20,5.75
133,Laguna,US,2021-09-13 17:07:45,38.421,-121.4238,87.96,46,1,1.01
134,Buraydah,SA,2021-09-13 17:07:46,26.326,43.975,91.42,15,6,11.03
135,Rabo De Peixe,PT,2021-09-13 17:07:46,37.8,-25.5833,72.91,64,40,11.5
136,Formosa Do Rio Preto,BR,2021-09-13 17:07:47,-11.0483,-45.1931,97.47,15,9,9.33
137,Belmonte,BR,2021-09-13 17:07:47,-15.8631,-38.8828,79.3,68,50,8.34
138,Zhigansk,RU,2021-09-13 17:07:48,66.7697,123.3711,48.13,94,100,9.04
139,Caidian,CN,2021-09-13 17:07:48,30.5833,114.0333,74.28,76,1,6.6
140,Atuona,PF,2021-09-13 17:07:48,-9.8,-139.0333,76.66,77,35,19.53
141,San Andres,CO,2021-09-13 17:07:49,12.5847,-81.7006,84.22,79,40,11.5
142,Jamestown,US,2021-09-13 17:04:12,42.097,-79.2353,76.3,79,20,7.0
143,Saint-Philippe,RE,2021-09-13 17:07:49,-21.3585,55.7679,71.19,83,51,18.19
144,Masumbwe,TZ,2021-09-13 17:07:50,-3.6333,32.1833,82.13,26,54,3.0
145,Vostok,RU,2021-09-13 17:07:50,46.4856,135.8833,42.6,77,100,3.47
146,Grand Gaube,MU,2021-09-13 17:07:50,-20.0064,57.6608,72.0,73,41,10.0
147,Mao,ES,2021-09-13 17:07:51,39.8885,4.2658,77.56,73,0,10.36
148,Raudeberg,NO,2021-09-13 17:07:51,61.9875,5.1352,55.0,85,100,7.72
149,Alta Floresta,BR,2021-09-13 17:07:52,-9.8756,-56.0861,95.67,33,41,5.61
150,Chambersburg,US,2021-09-13 17:07:52,39.9376,-77.6611,84.81,70,50,1.99
151,Dingle,PH,2021-09-13 17:07:52,10.9995,122.6711,76.39,91,77,4.63
152,Isangel,VU,2021-09-13 17:07:53,-19.55,169.2667,71.62,81,35,7.43
153,Kalabo,ZM,2021-09-13 17:07:53,-14.97,22.6814,79.39,18,10,3.2
154,Beringovskiy,RU,2021-09-13 17:07:53,63.05,179.3167,31.32,81,94,12.75
155,Gobabis,NA,2021-09-13 17:07:54,-22.45,18.9667,73.99,15,14,5.86
156,Mahebourg,MU,2021-09-13 17:07:54,-20.4081,57.7,71.89,68,75,18.41
157,Grand Forks,US,2021-09-13 17:07:55,47.9417,-97.4337,67.78,51,90,13.8
158,Mount Gambier,AU,2021-09-13 17:07:55,-37.8333,140.7667,46.96,77,97,2.46
159,Tursunzoda,TJ,2021-09-13 17:07:56,38.5144,68.2333,72.48,20,0,3.0
160,Rioja,AR,2021-09-13 17:07:57,-29.4111,-66.8507,82.71,14,0,5.3
161,Chapais,CA,2021-09-13 17:07:57,49.7834,-74.8492,46.24,80,100,9.86
162,Bayan,CN,2021-09-13 17:07:57,46.0833,127.4,54.37,95,100,1.95
163,Zhigalovo,RU,2021-09-13 17:07:58,54.8097,105.1578,45.77,94,94,2.64
164,Krasnoselkup,RU,2021-09-13 17:07:59,65.7,82.4667,40.96,95,100,9.66
165,Bambous Virieux,MU,2021-09-13 17:07:59,-20.3428,57.7575,71.85,68,75,18.41
166,Kaeo,NZ,2021-09-13 17:07:59,-35.1,173.7833,60.33,89,57,8.21
167,Teixoso,PT,2021-09-13 17:08:00,40.3145,-7.4576,68.2,93,100,2.86
168,Nabire,ID,2021-09-13 17:08:01,-3.3667,135.4833,75.96,94,99,4.79
169,Esperance,AU,2021-09-13 17:08:01,-33.8667,121.9,50.23,82,13,11.65
170,Yunyang,CN,2021-09-13 17:08:02,33.4474,112.7142,69.93,76,0,5.01
171,Cabedelo,BR,2021-09-13 17:08:02,-6.9811,-34.8339,83.07,69,48,14.61
172,Torrevieja,ES,2021-09-13 17:08:03,37.9787,-0.6822,84.34,79,100,1.99
173,Paragould,US,2021-09-13 17:08:03,36.0584,-90.4973,88.09,63,69,10.94
174,Hervey Bay,AU,2021-09-13 17:08:04,-25.2986,152.8535,68.04,86,7,11.12
175,Mildmay,CA,2021-09-13 17:08:05,44.0501,-81.1164,67.55,68,76,1.99
176,Marawi,PH,2021-09-13 17:08:05,7.9986,124.2928,65.64,93,99,3.51
177,Lavrentiya,RU,2021-09-13 17:08:06,65.5833,-171.0,40.86,92,100,14.25
178,High Level,CA,2021-09-13 17:08:06,58.5169,-117.136,57.36,49,44,9.08
179,Boden,SE,2021-09-13 17:08:07,65.8252,21.6886,50.0,48,25,13.06
180,Oranjemund,NA,2021-09-13 17:08:07,-28.55,16.4333,55.33,74,4,16.6
181,Torrelavega,ES,2021-09-13 17:08:08,43.3494,-4.0479,73.8,73,100,3.76
182,Talnakh,RU,2021-09-13 17:08:09,69.4865,88.3972,47.35,77,100,19.71
183,Kavieng,PG,2021-09-13 17:08:09,-2.5744,150.7967,81.64,80,99,15.03
184,Tiksi,RU,2021-09-13 17:08:10,71.6872,128.8694,42.66,87,99,3.85
185,Bengkulu,ID,2021-09-13 17:08:10,-3.8004,102.2655,74.37,91,100,5.61
186,Camacha,PT,2021-09-13 17:08:11,33.0833,-16.3333,72.82,69,40,13.8
187,Cidreira,BR,2021-09-13 17:08:11,-30.1811,-50.2056,66.78,96,100,5.26
188,Labytnangi,RU,2021-09-13 17:08:11,66.6572,66.4183,40.32,80,97,8.79
189,Vila Velha,BR,2021-09-13 17:05:50,-20.3297,-40.2925,84.15,61,0,17.27
190,Payakumbuh,ID,2021-09-13 17:08:12,-0.2202,100.6308,68.61,93,100,3.31
191,Georgetown,MY,2021-09-13 17:08:12,5.4112,100.3354,78.89,89,20,0.0
192,Nuuk,GL,2021-09-13 17:08:13,64.1835,-51.7216,39.81,65,40,8.05
193,Campeche,MX,2021-09-13 17:06:03,19.0,-90.5,92.39,43,100,4.83
194,Matay,EG,2021-09-13 17:08:14,28.419,30.7792,95.07,22,0,15.5
195,Balkhash,KZ,2021-09-13 17:08:14,46.844,74.9804,59.38,26,2,7.63
196,Sandpoint,US,2021-09-13 17:08:14,48.2766,-116.5533,62.62,81,90,0.0
197,Miraflores,MX,2021-09-13 17:08:15,19.2167,-98.8083,66.85,92,98,3.13
198,Banda Aceh,ID,2021-09-13 17:08:15,5.5577,95.3222,80.19,74,100,9.82
199,Hasaki,JP,2021-09-13 17:08:15,35.7333,140.8333,70.2,68,100,6.8
200,Rio Gallegos,AR,2021-09-13 17:05:33,-51.6226,-69.2181,55.45,33,40,36.82
201,Beyneu,KZ,2021-09-13 17:08:16,45.3167,55.2,76.75,29,14,11.12
202,Grindavik,IS,2021-09-13 17:08:16,63.8424,-22.4338,50.47,66,75,32.21
203,Ippy,CF,2021-09-13 17:08:16,6.2679,21.2247,70.97,94,100,3.06
204,Bemidji,US,2021-09-13 17:05:28,47.4736,-94.8803,68.29,57,40,11.5
205,Provideniya,RU,2021-09-13 17:08:17,64.3833,-173.3,41.49,88,100,8.7
206,Kautokeino,NO,2021-09-13 17:08:17,69.0125,23.0412,35.2,99,100,17.87
207,Tilichiki,RU,2021-09-13 17:08:17,60.4667,166.1,31.46,77,3,3.94
208,Inhambane,MZ,2021-09-13 17:08:18,-23.865,35.3833,71.58,83,20,6.91
209,Point Pleasant,US,2021-09-13 17:06:26,40.0832,-74.0682,88.18,60,1,1.99
210,Klaksvik,FO,2021-09-13 17:08:18,62.2266,-6.589,52.72,87,100,21.23
211,Tasiilaq,GL,2021-09-13 17:08:19,65.6145,-37.6368,44.76,68,100,28.1
212,Korla,CN,2021-09-13 17:08:19,41.7597,86.1469,71.02,39,0,10.56
213,Porto Novo,BJ,2021-09-13 17:05:30,6.4965,2.6036,76.28,83,100,3.13
214,Tarauaca,BR,2021-09-13 17:08:19,-8.1614,-70.7656,94.77,38,6,4.5
215,Diban,SY,2021-09-13 17:08:20,35.0365,40.5167,87.3,22,0,6.15
216,Port Alfred,ZA,2021-09-13 17:08:20,-33.5906,26.891,64.47,84,100,15.66
217,Risod,IN,2021-09-13 17:08:20,19.9667,76.7833,74.3,90,100,9.46
218,Petropavlovsk-Kamchatskiy,RU,2021-09-13 17:08:21,53.0452,158.6483,45.41,87,100,17.02
219,Batemans Bay,AU,2021-09-13 17:08:21,-35.7167,150.1833,48.9,88,35,7.47
220,Antofagasta,CL,2021-09-13 17:08:22,-23.65,-70.4,66.22,61,100,12.03
221,Shirokiy,RU,2021-09-13 17:08:22,49.758,129.523,48.65,78,100,3.96
222,Faya,SA,2021-09-13 17:08:22,18.3851,42.4509,70.32,57,64,4.59
223,Airai,TL,2021-09-13 17:08:23,-8.9266,125.4092,58.62,86,20,2.19
224,Nome,US,2021-09-13 17:08:24,64.5011,-165.4064,50.07,72,75,14.97
225,Tateyama,JP,2021-09-13 17:08:24,34.9833,139.8667,75.22,71,99,7.94
226,Codrington,AU,2021-09-13 17:08:24,-38.2667,141.9667,48.94,69,95,6.2
227,Saint Anthony,US,2021-09-13 17:08:24,45.0205,-93.218,74.14,52,1,3.0
228,Arlit,NE,2021-09-13 17:08:25,18.7369,7.3853,107.06,6,49,9.1
229,San Carlos De Bariloche,AR,2021-09-13 17:08:25,-41.1456,-71.3082,42.55,42,20,25.32
230,Ribeira Grande,PT,2021-09-13 17:08:26,38.5167,-28.7,77.4,73,40,5.75
231,Bereda,ES,2021-09-13 17:08:26,43.2686,-7.5406,68.41,92,96,2.93
232,Souillac,MU,2021-09-13 17:08:26,-20.5167,57.5167,71.98,68,75,18.41
233,Port-Gentil,GA,2021-09-13 17:08:27,-0.7193,8.7815,78.08,84,58,13.51
234,Yenagoa,NG,2021-09-13 17:08:27,4.9247,6.2642,78.98,80,83,7.47
235,Hendaye,FR,2021-09-13 17:08:27,43.3717,-1.7738,87.6,47,0,2.3
236,Flin Flon,CA,2021-09-13 17:08:28,54.7682,-101.865,55.36,74,100,7.78
237,Vardo,NO,2021-09-13 17:08:28,70.3705,31.1107,43.0,81,75,20.71
238,Egvekinot,RU,2021-09-13 17:08:28,66.3167,-179.1667,26.62,84,97,14.54
239,Mana,GF,2021-09-13 17:08:29,5.6592,-53.7767,85.26,64,6,8.32
240,Athabasca,CA,2021-09-13 17:08:29,54.7169,-113.2854,57.42,54,5,12.95
241,Virginia Beach,US,2021-09-13 17:04:07,36.8529,-75.978,88.03,60,1,1.99
242,Verkhoyansk,RU,2021-09-13 17:08:29,67.5447,133.385,45.95,65,72,2.3
243,Mogok,MM,2021-09-13 17:08:30,22.9167,96.5,64.9,99,31,2.35
244,Tautira,PF,2021-09-13 17:08:30,-17.7333,-149.15,75.22,80,69,18.28
245,Vila,PT,2021-09-13 17:08:30,42.0304,-8.1588,63.32,73,100,7.02
246,Seydi,TM,2021-09-13 17:08:31,39.4816,62.9137,75.27,22,0,12.35
247,Sola,VU,2021-09-13 17:08:31,-13.8833,167.55,78.73,79,29,17.11
248,San Jose,US,2021-09-13 17:08:12,37.3394,-121.895,80.46,69,20,3.44
249,Aksu,CN,2021-09-13 17:08:31,41.1231,80.2644,70.72,38,1,0.74
250,Ternate,ID,2021-09-13 17:08:32,0.8,127.4,79.65,81,94,3.69
251,Mandalgovi,MN,2021-09-13 17:08:32,45.7625,106.2708,56.84,36,100,9.48
252,Constitucion,CL,2021-09-13 17:08:33,-35.3333,-72.4167,54.43,59,56,5.91
253,Dourbali,TD,2021-09-13 17:08:33,11.8091,15.8632,75.09,81,100,5.46
254,Fortuna,US,2021-09-13 17:08:34,40.5982,-124.1573,56.93,67,90,1.01
255,North Bend,US,2021-09-13 17:08:34,43.4065,-124.2243,63.88,74,1,0.0
256,Glebychevo,RU,2021-09-13 17:08:34,60.4387,28.7183,52.11,59,49,22.55
257,Chiredzi,ZW,2021-09-13 17:08:35,-21.05,31.6667,78.67,29,29,6.78
258,Thompson,CA,2021-09-13 17:08:35,55.7435,-97.8558,57.0,59,100,11.03
259,Key Largo,US,2021-09-13 17:08:36,25.0865,-80.4473,90.0,70,83,12.3
260,Orthez,FR,2021-09-13 17:08:36,43.4884,-0.7724,87.6,34,100,11.03
261,Namibe,AO,2021-09-13 17:08:36,-15.1961,12.1522,63.34,87,39,10.69
262,Mujiayingzi,CN,2021-09-13 17:05:24,42.1167,118.7833,55.04,62,58,1.59
263,Lompoc,US,2021-09-13 17:08:37,34.6391,-120.4579,86.22,87,1,0.0
264,Katsuura,JP,2021-09-13 17:08:37,35.1333,140.3,75.31,74,92,8.52
265,Port Elizabeth,ZA,2021-09-13 17:03:51,-33.918,25.5701,57.09,90,100,10.42
266,Bayangol,RU,2021-09-13 17:08:38,50.6977,103.4656,45.52,95,94,3.58
267,Weston,US,2021-09-13 17:03:41,26.1004,-80.3998,90.0,76,90,1.99
268,Nanortalik,GL,2021-09-13 17:08:38,60.1432,-45.2371,38.91,73,5,25.77
269,Aquidauana,BR,2021-09-13 17:08:39,-20.4711,-55.7872,106.77,16,2,14.52
270,Sioux Lookout,CA,2021-09-13 17:08:39,50.1001,-91.917,56.98,52,83,6.58
271,Bodaybo,RU,2021-09-13 17:08:40,57.8506,114.1933,45.57,87,34,2.37
272,Flers,FR,2021-09-13 17:08:40,48.7372,-0.5747,70.05,49,93,2.44
273,Abalak,RU,2021-09-13 17:08:40,58.1286,68.5944,38.8,76,85,4.68
274,Kalmunai,LK,2021-09-13 17:08:41,7.4167,81.8167,82.31,67,54,6.26
275,Weligama,LK,2021-09-13 17:08:41,5.9667,80.4167,78.76,89,61,8.57
276,Puerto Escondido,MX,2021-09-13 17:08:42,15.85,-97.0667,83.23,57,75,8.05
277,Walvis Bay,NA,2021-09-13 17:08:42,-22.9575,14.5053,56.08,81,8,16.28
278,Chenzhou,CN,2021-09-13 17:08:42,25.8,113.0333,75.29,85,3,1.57
279,Alice Springs,AU,2021-09-13 17:08:43,-23.7,133.8833,56.75,33,40,10.36
280,Tatawin,TN,2021-09-13 17:08:43,32.9297,10.4518,82.36,46,8,18.61
281,Salina Cruz,MX,2021-09-13 17:08:43,16.1667,-95.2,84.78,70,69,3.09
282,College,US,2021-09-13 17:08:44,64.8569,-147.8028,55.72,64,90,3.44
283,Riberalta,BO,2021-09-13 17:08:44,-10.9833,-66.1,101.08,26,3,6.04
284,Maceio,BR,2021-09-13 17:08:45,-9.6658,-35.7353,80.04,94,75,8.05
285,Namatanai,PG,2021-09-13 17:08:45,-3.6667,152.4333,78.71,81,98,8.84
286,Pastavy,BY,2021-09-13 17:08:45,55.1168,26.8326,57.94,90,85,8.57
287,Russell,US,2021-09-13 17:08:46,32.3502,-85.1999,88.97,58,1,0.0
288,Severo-Kurilsk,RU,2021-09-13 17:08:46,50.6789,156.125,49.33,93,100,42.39
289,Dunmore Town,BS,2021-09-13 17:08:47,25.5,-76.65,84.83,69,92,10.76
290,Santiago Del Estero,AR,2021-09-13 17:08:47,-27.7951,-64.2615,86.81,32,0,10.42
291,Alto Araguaia,BR,2021-09-13 17:08:48,-17.3147,-53.2153,97.88,15,27,9.98
292,Armizonskoye,RU,2021-09-13 17:08:48,55.9461,67.6736,41.99,55,25,3.69
293,Vitim,RU,2021-09-13 17:08:49,59.4511,112.5578,44.46,86,56,1.9
294,Zyryanka,RU,2021-09-13 17:08:49,65.75,150.85,42.89,71,68,3.22
295,Viedma,AR,2021-09-13 17:08:49,-40.8135,-62.9967,61.92,26,91,16.49
296,Rongcheng,CN,2021-09-13 17:08:50,30.634,117.8517,72.84,97,51,2.84
297,Kutum,SD,2021-09-13 17:08:50,14.2,24.6667,83.32,38,100,7.9
298,Clyde River,CA,2021-09-13 17:08:51,70.4692,-68.5914,34.95,46,3,2.3
299,El Doncello,CO,2021-09-13 17:08:51,1.6782,-75.2847,85.24,58,10,3.67
300,Kaitangata,NZ,2021-09-13 17:08:51,-46.2817,169.8464,35.4,94,94,6.11
301,Manavalakurichi,IN,2021-09-13 17:08:52,8.1333,77.3,80.69,83,99,15.1
302,Araouane,ML,2021-09-13 17:08:52,18.9048,-3.5265,107.85,10,4,10.0
303,Linxia,CN,2021-09-13 17:08:52,35.6003,103.2064,60.94,82,89,1.61
304,Kruisfontein,ZA,2021-09-13 17:08:53,-34.0033,24.7314,54.88,91,100,2.3
305,Xining,CN,2021-09-13 17:08:53,36.6167,101.7667,59.31,90,97,3.0
306,Camasca,HN,2021-09-13 17:08:54,14.0,-88.3833,84.06,65,0,4.25
307,Vung Tau,VN,2021-09-13 17:08:54,10.346,107.0843,78.71,88,100,13.51
308,Outlook,CA,2021-09-13 17:08:55,51.5001,-107.0513,64.31,44,3,12.84
309,Rylsk,RU,2021-09-13 17:08:55,51.5655,34.6822,65.25,49,31,6.96
310,Derzhavinsk,KZ,2021-09-13 17:08:55,51.1,66.3167,56.23,36,15,8.66
311,Puerto Carreno,CO,2021-09-13 17:08:56,6.189,-67.4859,85.46,66,77,5.73
312,Vila Franca Do Campo,PT,2021-09-13 17:08:56,37.7167,-25.4333,73.81,75,37,11.61
313,Charlestown,AU,2021-09-13 17:08:57,-32.95,151.6667,52.74,94,99,5.01
314,Husavik,IS,2021-09-13 17:08:57,66.0449,-17.3389,55.24,80,100,10.38
315,Abbeville,FR,2021-09-13 17:08:57,50.1,1.8333,74.61,63,100,7.67
316,Jiayuguan,CN,2021-09-13 17:08:58,39.8167,98.3,59.43,64,100,14.99
317,San Jeronimo,PE,2021-09-13 17:08:58,-11.9472,-75.2829,64.87,35,10,3.56
318,Zlotow,PL,2021-09-13 17:06:36,53.3635,17.0408,63.84,70,91,6.38
319,Ranavav,IN,2021-09-13 17:08:58,21.6842,69.7408,79.84,91,100,10.04
320,Karratha,AU,2021-09-13 17:08:59,-20.7377,116.8463,70.41,64,3,7.83
321,Pokhara,NP,2021-09-13 17:08:59,28.2333,83.9833,72.3,82,80,4.56
322,Kaniama,CD,2021-09-13 17:09:00,-7.5667,24.1833,83.73,29,10,4.81
323,Khorramshahr,IR,2021-09-13 17:09:00,30.4397,48.1664,91.36,24,0,11.5
324,Mineiros,BR,2021-09-13 17:09:01,-17.5694,-52.5511,98.26,14,21,8.86
325,Langue,HN,2021-09-13 17:09:01,13.6208,-87.6525,90.54,60,1,2.46
326,Mandurah,AU,2021-09-13 17:09:01,-32.55,115.7,52.12,76,10,7.36
327,Algiers,DZ,2021-09-13 17:08:16,36.7525,3.042,85.82,45,0,9.22
328,Richards Bay,ZA,2021-09-13 17:09:02,-28.783,32.0377,66.99,90,46,6.55
329,Mortka,RU,2021-09-13 17:09:02,59.3322,66.0214,35.44,82,32,5.5
330,Kawalu,ID,2021-09-13 17:09:03,-7.3817,108.2082,71.87,99,90,0.4
331,San Quintin,MX,2021-09-13 17:09:03,30.4833,-115.95,75.58,69,0,8.3
332,Qingdao,CN,2021-09-13 17:09:04,36.0986,120.3719,71.83,79,58,10.33
333,Amalapuram,IN,2021-09-13 17:07:14,16.5833,82.0167,76.98,96,100,6.58
334,Mingshui,CN,2021-09-13 17:09:04,36.7167,117.5,71.17,88,0,4.52
335,San Clemente,US,2021-09-13 17:09:05,33.427,-117.612,96.8,65,0,4.83
336,Marshall,US,2021-09-13 17:09:05,34.3834,-86.3333,87.71,59,40,3.0
337,Tomatlan,MX,2021-09-13 17:09:05,19.9333,-105.25,81.25,88,91,3.83
338,Korhogo,CI,2021-09-13 17:09:06,9.45,-5.6333,82.53,73,88,4.05
339,Lerwick,GB,2021-09-13 17:09:06,60.1545,-1.1494,55.4,78,100,9.4
340,Tura,IN,2021-09-13 17:09:07,25.5198,90.2201,75.9,90,100,7.09
341,Askim,NO,2021-09-13 17:09:07,59.5833,11.1629,60.53,61,88,3.71
342,Mezen,RU,2021-09-13 17:09:08,65.8522,44.24,41.67,75,79,11.16
343,Cayenne,GF,2021-09-13 17:09:08,4.9333,-52.3333,89.64,75,40,4.0
344,Nichinan,JP,2021-09-13 17:09:09,31.6,131.3667,76.41,92,100,6.51
345,Wladyslawowo,PL,2021-09-13 17:09:09,54.7909,18.4009,61.93,83,87,11.65
346,Hailar,CN,2021-09-13 17:09:10,49.2,119.7,46.11,87,1,0.6
347,Awbari,LY,2021-09-13 17:09:10,26.5921,12.7805,93.13,18,0,11.74
348,Santa Cruz,BO,2021-09-13 17:09:11,-17.8,-63.1667,90.86,46,40,32.21
349,Pijijiapan,MX,2021-09-13 17:09:11,15.7011,-93.23,88.47,60,74,6.08
350,Yaan,NG,2021-09-13 17:09:12,7.3833,8.5667,75.51,88,99,6.38
351,Fulton,US,2021-09-13 17:09:12,33.7668,-84.4499,85.95,65,75,8.05
352,Eureka,US,2021-09-13 17:09:13,40.8021,-124.1637,57.2,88,24,1.01
353,Tadine,NC,2021-09-13 17:09:13,-21.55,167.8833,69.06,82,10,7.61
354,Imeni Poliny Osipenko,RU,2021-09-13 17:09:14,52.4201,136.4853,39.92,78,0,2.51
355,Iqaluit,CA,2021-09-13 17:09:14,63.7506,-68.5145,37.67,58,100,14.92
356,Sinnamary,GF,2021-09-13 17:09:15,5.3833,-52.95,84.47,67,11,7.47
357,Leh,IN,2021-09-13 17:06:10,34.1667,77.5833,58.01,35,33,4.07
358,Svetlogorsk,BY,2021-09-13 17:09:15,52.6333,29.7333,60.71,78,100,7.61
359,Nikolskoye,RU,2021-09-13 17:09:15,59.7035,30.7861,51.69,80,78,15.08
360,Taft,IR,2021-09-13 17:09:16,31.7471,54.2088,82.35,12,0,4.61
361,Ciudad Bolivar,VE,2021-09-13 17:09:16,8.1222,-63.5497,91.89,48,99,6.49
362,Suluq,LY,2021-09-13 17:09:17,31.6682,20.2521,78.39,60,10,16.96
363,Port Shepstone,ZA,2021-09-13 17:09:17,-30.7414,30.455,66.42,77,13,11.56
364,Shadegan,IR,2021-09-13 17:09:18,30.6497,48.6647,91.31,12,0,13.4
365,Hofn,IS,2021-09-13 17:09:19,64.2539,-15.2082,51.82,100,90,13.8
366,Novyy Urengoy,RU,2021-09-13 17:09:19,66.0833,76.6333,41.61,90,99,4.85
367,Petatlan,MX,2021-09-13 17:09:19,17.5167,-101.2667,82.2,96,100,3.18
368,Sotouboua,TG,2021-09-13 17:09:20,8.5667,0.9833,77.49,90,96,4.16
369,Pedernales,DO,2021-09-13 17:09:20,18.0384,-71.744,87.13,58,1,8.57
370,High Rock,BS,2021-09-13 17:09:21,26.6208,-78.2833,80.62,70,100,12.37
371,Mora,CM,2021-09-13 17:09:21,11.0461,14.1401,70.63,88,99,1.88
372,Chimore,BO,2021-09-13 17:09:21,-16.9833,-65.1333,98.51,29,20,7.49
373,Touros,BR,2021-09-13 17:09:22,-5.1989,-35.4608,85.1,61,27,18.52
374,Mount Kisco,US,2021-09-13 17:07:38,41.2043,-73.7271,85.08,55,20,1.01
375,Nouadhibou,MR,2021-09-13 17:09:22,20.931,-17.0347,73.47,87,7,18.95
376,Sasaram,IN,2021-09-13 17:09:23,24.951,84.0149,79.57,84,99,13.33
377,Cordoba,AR,2021-09-13 17:06:32,-31.4135,-64.1811,83.59,12,0,1.01
378,Haines Junction,CA,2021-09-13 17:09:23,60.7522,-137.5108,43.32,89,100,6.8
379,Benguela,AO,2021-09-13 17:09:24,-12.5763,13.4055,73.33,81,20,8.48
380,Semey,KZ,2021-09-13 17:09:24,50.4111,80.2275,39.42,87,0,2.24
381,Tessalit,ML,2021-09-13 17:09:24,20.1986,1.0114,106.2,11,64,13.62
382,Cairns,AU,2021-09-13 17:09:25,-16.9167,145.7667,71.06,93,20,1.14
383,Sao Luiz Gonzaga,BR,2021-09-13 17:09:25,-28.4083,-54.9608,78.57,78,100,6.35
384,Berlin,DE,2021-09-13 17:09:25,52.5244,13.4105,65.89,74,20,4.0
385,Shchigry,RU,2021-09-13 17:09:26,51.8755,36.9043,67.82,48,57,7.58
386,Cherskiy,RU,2021-09-13 17:09:26,68.75,161.3,35.8,95,45,5.55
387,Southbridge,US,2021-09-13 17:09:27,42.0751,-72.0334,80.26,57,41,9.69
388,Huayang,CN,2021-09-13 17:09:27,34.4155,109.9939,56.35,71,0,8.55
389,Osa,RU,2021-09-13 17:09:27,57.2829,55.4567,48.16,93,100,8.21
390,Evensk,RU,2021-09-13 17:09:28,61.95,159.2333,39.45,60,16,6.26
391,Huarmey,PE,2021-09-13 17:09:28,-10.0681,-78.1522,67.89,72,45,10.6
392,Praia,CV,2021-09-13 17:07:54,14.9215,-23.5087,86.54,66,40,8.05
393,Doha,QA,2021-09-13 17:09:29,25.2867,51.5333,94.98,46,0,12.66
394,Dezhou,CN,2021-09-13 17:09:29,37.4486,116.2925,70.59,88,1,6.26
395,Prainha,BR,2021-09-13 17:09:29,-1.8,-53.48,95.86,36,68,6.96
396,Cockburn Town,TC,2021-09-13 17:09:30,21.4612,-71.1419,83.97,69,79,13.89
397,Mosalsk,RU,2021-09-13 17:09:30,54.4881,34.9817,58.64,95,99,8.79
398,Juwana,ID,2021-09-13 17:09:31,-6.715,111.1514,78.6,85,94,2.77
399,Karasjok,NO,2021-09-13 17:09:31,69.4719,25.5112,44.71,92,100,18.45
400,Amahai,ID,2021-09-13 17:09:31,-3.3333,128.9167,76.91,88,55,2.35
401,Chamonix-Mont-Blanc,FR,2021-09-13 17:09:32,45.9238,6.8693,73.83,70,63,3.27
402,Zhanakorgan,KZ,2021-09-13 17:09:32,43.9098,67.2495,70.97,24,24,15.3
403,Vigrestad,NO,2021-09-13 17:09:32,58.5667,5.7,60.48,74,12,14.16
404,Guarumal,PA,2021-09-13 17:09:33,8.35,-82.5333,88.93,74,75,3.44
405,Jaru,BR,2021-09-13 17:09:33,-10.4389,-62.4664,100.83,26,2,6.73
406,Cap Malheureux,MU,2021-09-13 17:09:34,-19.9842,57.6142,72.46,73,42,10.0
407,Tahta,EG,2021-09-13 17:09:34,26.7693,31.5021,96.46,17,0,5.06
408,Owando,CG,2021-09-13 17:09:34,-0.4819,15.8999,80.74,59,95,0.98
409,Gamba,GA,2021-09-13 17:09:35,-2.65,10.0,77.56,82,36,8.81
410,Kysyl-Syr,RU,2021-09-13 17:09:35,63.8986,122.7617,51.01,94,100,5.41
411,Juneau,US,2021-09-13 17:09:35,58.3019,-134.4197,53.65,95,90,1.99
412,Baena,ES,2021-09-13 17:09:36,37.6167,-4.3225,78.76,52,100,11.5
413,Celestun,MX,2021-09-13 17:09:36,20.8667,-90.4,86.5,62,95,6.06
414,Boa Vista,BR,2021-09-13 17:09:36,2.8197,-60.6733,93.18,40,40,6.91
415,Ust-Maya,RU,2021-09-13 17:09:37,60.4167,134.5333,45.0,74,17,1.79
416,Zaysan,KZ,2021-09-13 17:09:37,47.4667,84.8667,50.22,39,3,5.73
417,Acapulco,MX,2021-09-13 17:09:38,16.8634,-99.8901,80.42,83,90,0.0
418,Witu,KE,2021-09-13 17:09:38,-2.3889,40.4382,77.16,79,82,12.28
419,Kushiro,JP,2021-09-13 17:09:38,42.975,144.3747,50.61,75,20,6.67
420,Council Bluffs,US,2021-09-13 17:09:12,41.2619,-95.8608,79.52,70,75,9.22
421,Ionia,US,2021-09-13 17:09:39,42.9873,-85.0711,66.16,100,90,10.36
422,Seoul,KR,2021-09-13 17:05:15,37.5683,126.9778,74.64,72,100,2.91
423,Merced,US,2021-09-13 17:09:39,37.1666,-120.7516,83.44,38,0,4.16
424,Lieto,FI,2021-09-13 17:09:40,60.5103,22.4618,51.96,70,75,9.22
425,Dudinka,RU,2021-09-13 17:09:40,69.4058,86.1778,46.65,75,100,22.73
426,Emmett,US,2021-09-13 17:05:20,43.8735,-116.4993,71.49,46,41,4.14
427,Ligayan,PH,2021-09-13 17:09:42,4.6533,119.4706,80.64,76,100,5.73
428,Havre-Saint-Pierre,CA,2021-09-13 17:09:43,50.2334,-63.5986,57.56,78,81,18.79
429,Medicine Hat,CA,2021-09-13 17:09:43,50.0501,-110.6683,54.03,94,90,6.91
430,Los Llanos De Aridane,ES,2021-09-13 17:09:44,28.6585,-17.9182,76.75,78,75,8.05
431,Lima,PE,2021-09-13 17:05:19,-12.0432,-77.0282,65.89,76,90,4.61
432,Mormugao,IN,2021-09-13 17:09:44,15.4,73.8,78.57,88,100,16.64
433,Ahuimanu,US,2021-09-13 17:09:44,21.4447,-157.8378,76.86,77,40,5.75
434,Ambilobe,MG,2021-09-13 17:09:45,-13.2,49.05,73.17,64,31,6.64
435,Ust-Nera,RU,2021-09-13 17:09:45,64.5667,143.2,44.15,61,79,4.43
436,Ilhabela,BR,2021-09-13 17:09:46,-23.7781,-45.3581,79.61,72,46,6.2
437,Palana,RU,2021-09-13 17:09:46,59.1167,159.9667,34.14,76,0,6.31
438,Port Lincoln,AU,2021-09-13 17:09:46,-34.7333,135.8667,52.9,58,84,5.55
439,Parrita,CR,2021-09-13 17:09:47,9.5201,-84.3225,94.77,71,42,5.28
440,Christchurch,NZ,2021-09-13 17:09:45,-43.5333,172.6333,42.01,85,90,3.0
441,Ola,RU,2021-09-13 17:09:47,59.5833,151.2833,43.07,61,0,3.36
442,Masty,BY,2021-09-13 17:09:48,53.4122,24.5387,59.32,80,71,7.67
443,Oistins,BB,2021-09-13 17:04:56,13.0667,-59.5333,87.89,70,40,10.36
444,Luderitz,NA,2021-09-13 17:09:48,-26.6481,15.1594,57.51,67,0,24.14
445,Shimoda,JP,2021-09-13 17:09:49,34.6667,138.95,75.25,84,100,9.26
446,Kieta,PG,2021-09-13 17:09:49,-6.2167,155.6333,78.15,88,70,6.78
447,Barra Do Garcas,BR,2021-09-13 17:09:49,-15.89,-52.2567,104.22,13,33,8.88
448,Amboasary,MG,2021-09-13 17:07:20,-25.0333,46.3833,70.83,68,27,6.91
449,Mutoko,ZW,2021-09-13 17:09:50,-17.397,32.2268,66.76,38,90,5.23
450,Muncar,ID,2021-09-13 17:09:50,-8.4333,114.3333,75.07,93,43,1.19
451,Dimona,IL,2021-09-13 17:09:51,31.0667,35.0333,75.85,29,0,4.38
452,Kenai,US,2021-09-13 17:09:51,60.5544,-151.2583,47.14,77,75,8.05
453,Wanning,CN,2021-09-13 17:09:52,18.8003,110.3967,80.22,91,86,5.44
454,Ixcatepec,MX,2021-09-13 17:09:52,21.2,-97.95,80.71,70,95,3.65
455,Nong Kung Si,TH,2021-09-13 17:09:52,16.65,103.3,74.23,98,88,6.73
456,Ugoofaaru,MV,2021-09-13 17:09:53,5.6667,73.0,83.03,75,50,12.68
457,Canchungo,GW,2021-09-13 17:09:53,12.0672,-16.0333,83.88,75,99,2.39
458,Predivinsk,RU,2021-09-13 17:09:54,57.0669,93.4378,39.61,76,9,5.93
459,Gurupa,BR,2021-09-13 17:09:54,-1.405,-51.64,95.38,38,20,5.14
460,Mazara Del Vallo,IT,2021-09-13 17:09:55,37.6641,12.588,80.01,62,0,12.88
461,Puerto Ayacucho,VE,2021-09-13 17:09:55,5.6639,-67.6236,78.19,85,95,4.56
462,Madison,US,2021-09-13 17:09:44,34.7334,-86.5667,87.1,67,40,4.0
463,Fare,PF,2021-09-13 17:09:56,-16.7,-151.0167,77.83,76,61,18.25
464,Asau,RO,2021-09-13 17:09:56,46.4333,26.4,68.76,67,83,2.64
465,Mahon,ES,2021-09-13 17:07:51,39.8885,4.2658,77.56,73,0,10.36
466,Franca,BR,2021-09-13 17:09:57,-20.5386,-47.4008,94.37,12,3,7.43
467,Vilhena,BR,2021-09-13 17:09:57,-12.7406,-60.1458,93.78,29,20,6.33
468,Itarema,BR,2021-09-13 17:09:57,-2.9248,-39.9167,87.44,56,5,19.77
469,Bonavista,CA,2021-09-13 17:09:58,48.6499,-53.1147,63.03,60,29,13.29
470,Leua,SK,2021-09-13 17:09:58,48.2156,18.6071,77.5,51,71,8.08
471,El Alto,PE,2021-09-13 17:09:58,-4.2714,-81.2147,73.06,69,39,13.6
472,Macklin,CA,2021-09-13 17:09:59,52.3334,-109.9348,60.62,41,1,13.76
473,Salalah,OM,2021-09-13 17:08:01,17.0151,54.0924,78.89,94,75,6.91
474,Inongo,CD,2021-09-13 17:09:59,-1.95,18.2667,74.25,67,85,2.21
475,Longkou,CN,2021-09-13 17:10:00,37.6508,120.3286,71.71,79,0,11.14
476,Villavieja,ES,2021-09-13 17:10:00,39.85,-0.1833,82.9,77,100,3.0
477,Caborca,MX,2021-09-13 17:10:01,30.5838,-111.101,85.5,28,0,0.54
478,Araraquara,BR,2021-09-13 17:10:01,-21.7944,-48.1756,98.89,12,15,10.42
479,Pervomayskiy,RU,2021-09-13 17:10:03,53.2485,40.2871,66.47,45,82,9.69
480,Kahului,US,2021-09-13 17:10:04,20.8947,-156.47,77.02,73,1,10.36
481,Daru,PG,2021-09-13 17:10:04,-9.0763,143.2092,77.67,91,83,11.61
482,Naco,MX,2021-09-13 17:10:05,31.3347,-109.9483,87.87,31,0,3.4
483,Roebourne,AU,2021-09-13 17:10:05,-20.7833,117.1333,70.05,63,3,7.87
484,Palembang,ID,2021-09-13 17:10:05,-2.9167,104.7458,74.34,97,100,5.03
485,Benjamin Aceval,PY,2021-09-13 17:10:06,-24.9667,-57.5667,104.14,18,100,18.61
486,Urambo,TZ,2021-09-13 17:10:06,-5.0667,32.05,83.61,25,86,4.43
487,Sid,RS,2021-09-13 17:10:07,45.1283,19.2264,78.55,30,53,3.11
488,Verkhnevilyuysk,RU,2021-09-13 17:10:07,63.4453,120.3167,49.44,93,100,5.7
489,Sorland,NO,2021-09-13 17:10:08,67.667,12.6934,44.67,68,43,18.43
490,Shitanjing,CN,2021-09-13 17:05:17,39.2342,106.3439,68.79,46,100,22.79
491,Kudahuvadhoo,MV,2021-09-13 17:10:08,2.6708,72.8944,83.7,70,5,6.46
492,Vanimo,PG,2021-09-13 17:10:09,-2.6741,141.3028,77.54,90,100,6.96
493,Kandrian,PG,2021-09-13 17:10:09,-6.2167,149.55,77.63,91,87,6.08
494,Cozumel,MX,2021-09-13 17:10:09,20.5083,-86.9458,89.67,69,75,3.0
495,Kavaratti,IN,2021-09-13 17:10:10,10.5669,72.642,81.45,82,92,19.89
496,Saint-Quentin,FR,2021-09-13 17:10:10,49.8333,3.3333,73.49,69,100,6.8
497,Jiwani,PK,2021-09-13 17:10:11,25.05,61.7417,80.71,86,80,9.24
498,Yarada,IN,2021-09-13 17:10:11,17.65,83.2667,84.52,79,75,6.91
499,Marsabit,KE,2021-09-13 17:10:12,2.3284,37.9899,73.62,40,28,20.42
500,Batsfjord,NO,2021-09-13 17:10:12,70.6345,29.7185,43.02,75,75,13.8
501,Stromness,GB,2021-09-13 17:10:13,58.965,-3.296,57.45,81,74,8.99
502,Henties Bay,NA,2021-09-13 17:10:14,-22.116,14.2845,55.85,88,27,12.73
503,Velyka Mykhaylivka,UA,2021-09-13 17:10:14,47.0794,29.8514,71.51,39,12,6.98
504,Klyuchi,RU,2021-09-13 17:10:15,52.2667,79.1667,49.44,50,57,7.65
505,Vaitape,PF,2021-09-13 17:10:16,-16.5167,-151.75,78.8,70,65,15.66
506,San Cristobal,VE,2021-09-13 17:10:16,7.7669,-72.225,86.18,41,18,9.24
507,Iralaya,HN,2021-09-13 17:10:17,15.0,-83.2333,83.68,75,14,9.04
508,Beloha,MG,2021-09-13 17:10:17,-25.1667,45.05,73.83,60,88,11.07
509,Staryy Nadym,RU,2021-09-13 17:10:18,65.6118,72.6842,43.54,95,100,10.92
510,Ostrovnoy,RU,2021-09-13 17:10:18,68.0531,39.5131,41.29,79,96,16.53
511,Puerto Narino,CO,2021-09-13 17:10:19,-3.7703,-70.3831,84.15,75,32,2.48
512,Lloydminster,CA,2021-09-13 17:09:17,53.2835,-110.0016,56.46,57,1,13.76
513,Norman Wells,CA,2021-09-13 17:10:19,65.282,-126.8329,51.08,73,89,2.08
514,Choma,ZM,2021-09-13 17:10:20,-16.8065,26.9531,70.65,36,45,7.31
515,Gallup,US,2021-09-13 17:10:21,35.5281,-108.7426,81.36,26,1,1.01
516,Changde,CN,2021-09-13 17:10:21,29.0464,111.6783,72.82,79,8,4.36
517,Bilibino,RU,2021-09-13 17:10:22,68.0546,166.4372,31.33,98,99,1.01
518,Okhotsk,RU,2021-09-13 17:10:22,59.3833,143.3,49.82,75,0,1.43
519,Moses Lake,US,2021-09-13 17:09:53,47.1301,-119.2781,68.36,37,1,9.22
520,Claremore,US,2021-09-13 17:10:23,36.3126,-95.6161,88.77,63,0,4.0
521,Mogocha,RU,2021-09-13 17:10:23,53.7333,119.7667,43.21,98,91,2.06
522,Andilamena,MG,2021-09-13 17:10:24,-17.0167,48.5833,59.94,82,45,10.6
523,Labuan,MY,2021-09-13 17:10:24,5.2767,115.2417,75.36,75,100,5.86
524,Sorong,ID,2021-09-13 17:10:25,-0.8833,131.25,78.89,82,99,4.7
525,Bethanien,NA,2021-09-13 17:10:25,-26.502,17.1583,72.1,19,0,17.31
526,Iranshahr,IR,2021-09-13 17:10:26,27.2025,60.6848,90.46,9,5,5.5
527,Dunedin,NZ,2021-09-13 17:10:26,-45.8742,170.5036,40.8,87,81,11.01
528,Hamilton,US,2021-09-13 17:10:27,39.1834,-84.5333,86.2,63,1,1.99
529,Fairbanks,US,2021-09-13 17:10:10,64.8378,-147.7164,55.74,64,75,8.05
530,Mozarlandia,BR,2021-09-13 17:10:27,-14.7447,-50.5706,104.31,11,8,8.21
531,Qesarya,IL,2021-09-13 17:10:28,32.5189,34.9046,89.91,60,0,7.11
532,Kavos,GR,2021-09-13 17:10:28,38.8268,22.8322,78.19,50,93,1.14
533,Yakeshi,CN,2021-09-13 17:10:29,49.2833,120.7333,42.93,92,8,0.92
534,Djibo,BF,2021-09-13 17:10:29,14.1022,-1.6306,97.93,31,95,5.73
535,Isilkul,RU,2021-09-13 17:10:29,54.9109,71.2728,46.27,50,81,5.17
536,Santa Maria Da Vitoria,BR,2021-09-13 17:10:30,-13.3947,-44.1886,97.16,15,2,8.25
537,Volchikha,RU,2021-09-13 17:10:30,52.0333,80.3833,44.92,55,27,5.88
538,Svetlyy,RU,2021-09-13 17:10:31,54.675,20.1347,60.85,93,64,7.38
539,Shwebo,MM,2021-09-13 17:08:07,22.5667,95.7,78.64,85,19,6.2
540,Dharchula,IN,2021-09-13 17:10:31,29.85,80.5333,70.11,89,34,4.27
541,Troitsko-Pechorsk,RU,2021-09-13 17:10:32,62.7084,56.1964,39.2,83,92,3.06
542,Teguldet,RU,2021-09-13 17:10:32,57.3064,88.1667,43.63,78,100,8.88
543,Mestia,GE,2021-09-13 17:10:33,43.0458,42.7278,51.94,91,8,1.99
544,Copiapo,CL,2021-09-13 17:10:33,-27.3667,-70.3333,62.29,23,0,8.57
545,Anadyr,RU,2021-09-13 17:10:33,64.75,177.4833,32.5,71,15,12.17
546,Chumikan,RU,2021-09-13 17:10:34,54.7183,135.315,47.52,79,0,9.53
547,Cristuru Secuiesc,RO,2021-09-13 17:10:34,46.2833,25.0333,70.45,52,64,0.78
548,Samarai,PG,2021-09-13 17:10:35,-10.6167,150.6667,79.3,85,63,10.83
549,Inverell,AU,2021-09-13 17:10:35,-29.7833,151.1167,36.1,84,0,2.75
550,Port Keats,AU,2021-09-13 17:10:35,-14.25,129.55,76.78,86,87,6.15
551,Neuquen,AR,2021-09-13 17:10:36,-38.9516,-68.0591,58.89,29,40,13.8
552,La Ronge,CA,2021-09-13 17:10:36,55.1001,-105.2842,54.25,79,82,10.85
553,Upata,VE,2021-09-13 17:10:37,8.0086,-62.3989,88.2,48,95,4.88
554,Kita,ML,2021-09-13 17:10:37,13.0349,-9.4895,86.97,61,92,1.88
555,Bushehr,IR,2021-09-13 17:10:37,28.9684,50.8385,91.8,54,0,8.16
556,Istmina,CO,2021-09-13 17:10:38,5.1605,-76.684,86.43,63,70,3.87
557,Nikel,RU,2021-09-13 17:10:38,69.4128,30.222,42.98,85,100,20.67
558,Lata,PT,2021-09-13 17:10:39,40.1629,-8.3327,73.92,79,100,1.86
559,Mwinilunga,ZM,2021-09-13 17:10:39,-11.7358,24.4293,77.77,26,51,2.93
560,Mahanoro,MG,2021-09-13 17:10:40,-19.9,48.8,68.47,85,9,2.19
561,Naze,JP,2021-09-13 17:10:40,28.3667,129.4833,80.19,86,100,19.51
562,Tanhacu,BR,2021-09-13 17:10:41,-14.0214,-41.2481,91.9,27,5,9.17
563,Half Moon Bay,US,2021-09-13 17:10:41,37.4636,-122.4286,79.54,77,1,0.0
564,Port Hedland,AU,2021-09-13 17:10:41,-20.3167,118.5667,64.45,94,3,5.75
565,Jalu,LY,2021-09-13 17:10:42,29.0331,21.5482,85.24,42,21,17.07
566,Rabak,SD,2021-09-13 17:10:43,13.1809,32.74,80.89,66,100,9.28
567,Leninskoye,KZ,2021-09-13 17:10:43,41.7589,69.3864,73.33,24,1,5.7
568,Komsomolskiy,UZ,2021-09-13 17:10:43,40.4272,71.7189,70.52,35,1,4.61
569,Abu Samrah,SY,2021-09-13 17:10:44,35.3029,37.1841,78.12,40,0,11.14
570,Uppsala,SE,2021-09-13 17:10:44,60.0,17.75,55.42,66,96,3.44
